Name,Type,Sector,Link
LinkedIn,Aggregate,Agg,https://www.linkedin.com/jobs/
Indeed,Aggregate,Agg,https://uk.indeed.com/
eFinancialCareers,Aggregate,Agg,https://www.efinancialcareers.co.uk/jobs/in-london%2C-uk?location=London%2C+UK&latitude=51.50721&longitude=-0.12758&countryCode=GB&locationPrecision=City&radius=40&radiusUnit=km&pageSize=15&currencyCode=GBP&language=en&includeUnspecifiedSalary=true
Deutsche Bank,Company,Sell-Side,https://db.wd3.myworkdayjobs.com/en-US/DBWebsite?Country=29247e57dbaf46fb855b224e03170bc7
Capital Group,Company,Buy-Side,https://capgroup.wd1.myworkdayjobs.com/en-GB/capitalgroupcareers?locations=998fe582cba510106168c8c231300000
Neuberger Berman,Company,Buy-Side,https://nb.wd1.myworkdayjobs.com/NBCareers?locations=0c6af06679b4012c714901a28e49b060
PIMCO,Company,Buy-Side,https://pimco.wd1.myworkdayjobs.com/en-US/pimco-careers?locationCountry=29247e57dbaf46fb855b224e03170bc7&locations=c3a960b7b21f10016312adea6fcd0000
Insight Investment,Company,Buy-Side,https://www.insightinvestment.com/uk/nav/careers/vacancies/
Schroders,Company,Buy-Side,https://schroders.referrals.selectminds.com/careers/jobs/search/3999639
Prudential / PGIM,Company,Buy-Side,https://pru.wd5.myworkdayjobs.com/en-US/Careers/?locationCountry=29247e57dbaf46fb855b224e03170bc7
Aberdeen,Company,Buy-Side,https://abrdn.wd3.myworkdayjobs.com/abrdn?locationCountry=29247e57dbaf46fb855b224e03170bc7
Janus Henderson,Company,Buy-Side,https://jobs.janushenderson.com/search/?createNewAlert=false&q=&optionsFacetsDD_customfield3=London&optionsFacetsDD_country=&optionsFacetsDD_department=
M&G,Company,Buy-Side,https://mgpru.wd3.myworkdayjobs.com/mandgprudential?locations=4754e8be5c2a014172262e61de4f816b
Aviva,Company,Buy-Side,https://aviva.wd1.myworkdayjobs.com/Aviva_Investors_External?locations=ffa161f517d11024fc25a8572b00e1c0
Ninety One,Company,Buy-Side,https://externalcareers.ninetyone.com/experienced-hires/index.html?searchCriteria%5b0%5d%5bkey%5d=LOV10&searchCriteria%5b0%5d%5bvalues%5d%5b%5d=10948&searchCriteria%5b1%5d%5bkey%5d=Resultsperpage&searchCriteria%5b1%5d%5bvalues%5d%5b%5d=10
Invesco,Company,Buy-Side,https://invesco.wd1.myworkdayjobs.com/en-GB/IVZ
Jupiter AM,Company,Buy-Side,https://jupiteram.wd3.myworkdayjobs.com/jupiter_careers
Newtom IM,Company,Buy-Side,https://bnymellon.eightfold.ai/careers?query=Newton&start=0&pid=25978847&sort_by=solr
Blackrock,Company,Buy-Side,https://blackrock.wd1.myworkdayjobs.com/en-US/BlackRock_Professional?locations=131d7f8fcf9f013542e48f95f7503fcf&locations=131d7f8fcf9f01c8d6145e57f75064cd
UBS,Company,Buy-Side,https://jobs.ubs.com/TGnewUI/Search/Home/Home?partnerid=25008&siteid=5012
State Street,Company,Buy-Side,https://statestreet.wd1.myworkdayjobs.com/Global?locations=8c182d98fcf801d8afa08d2f1244f962&locations=8c182d98fcf801031a9f889f11448a58
Fidelity,Company,Buy-Side,https://fil.wd3.myworkdayjobs.com/en-US/001?locationCountry=29247e57dbaf46fb855b224e03170bc7
JP Morgan,Company,Sell-Side,https://jpmc.fa.oraclecloud.com/hcmUI/CandidateExperience/en/sites/CX_1001/jobs?location=LONDON%2C+United+Kingdom&locationId=300000057005324&locationLevel=state&mode=location
Morgan Stanley,Company,Sell-Side,https://ms.wd5.myworkdayjobs.com/en-US/External/jobs?src=Eightfold&locations=5a72a211d621102a18cd9b01d6dd28a8&locations=fe69eef7498e10014f58448734310000
Goldman Sachs,Company,Sell-Side,https://higher.gs.com/results?LOCATION=London&page=1&sort=RELEVANCE
Barclays,Company,Sell-Side,https://barclays.wd3.myworkdayjobs.com/en-US/External_Career_Site_Barclays?locations=1ab48a98eb7c1001633eb0711e740000&locations=112c054282011001636f2041ca230000
BofA,Company,Sell-Side,https://ghr.wd1.myworkdayjobs.com/en-US/lateral-emea?locations=13a0897a1ccc1039061a94388749c25e&locations=13a0897a1ccc1039061a948533f6c264&locations=13a0897a1ccc1039061a93c27547c258
Nomura,Company,Sell-Side,https://careers.nomura.com/Nomura/go/Career-Opportunities-Europe/9051100/
