Name,Type,Sector,Link,Platform
LinkedIn,Aggregate,Agg,https://www.linkedin.com/jobs/,LinkedIn
Indeed,Aggregate,Agg,https://uk.indeed.com/,Indeed
eFinancialCareers,Aggregate,Agg,https://www.efinancialcareers.co.uk/jobs/,eFinancialCareers
Deutsche Bank,Company,Sell-Side,https://db.wd3.myworkdayjobs.com/en-US/DBWebsite,Workday
Capital Group,Company,Buy-Side,https://capgroup.wd1.myworkdayjobs.com/en-GB/capitalgroupcareers,Workday
Neuberger Berman,Company,Buy-Side,https://nb.wd1.myworkdayjobs.com/NBCareers,Workday
PIMCO,Company,Buy-Side,https://pimco.wd1.myworkdayjobs.com/en-US/pimco-careers,Workday
Insight Investment,Company,Buy-Side,https://www.insightinvestment.com/uk/nav/careers/vacancies/,Proprietary
Schroders,Company,Buy-Side,https://ekbq.fa.em2.oraclecloud.com/hcmUI/CandidateExperience/en/sites/CX_2/jobs,Oracle
Prudential / PGIM,Company,Buy-Side,https://pru.wd5.myworkdayjobs.com/en-US/Careers,Workday
Aberdeen,Company,Buy-Side,https://abrdn.wd3.myworkdayjobs.com/abrdn,Workday
Janus Henderson,Company,Buy-Side,https://jobs.janushenderson.com/search/,Successfactors
M&G,Company,Buy-Side,https://mgpru.wd3.myworkdayjobs.com/mandgprudential,Workday
Aviva,Company,Buy-Side,https://aviva.wd1.myworkdayjobs.com/Aviva_Investors_External,Workday
Ninety One,Company,Buy-Side,https://externalcareers.ninetyone.com/experienced-hires/index.html,Proprietary
Invesco,Company,Buy-Side,https://invesco.wd1.myworkdayjobs.com/en-GB/IVZ,Workday
Jupiter AM,Company,Buy-Side,https://jupiteram.wd3.myworkdayjobs.com/jupiter_careers,Workday
Newtom IM,Company,Buy-Side,https://bnymellon.eightfold.ai/careers?query=Newton&start=0&pid=26891050&sort_by=timestamp,Eightfold
Blackrock,Company,Buy-Side,https://blackrock.wd1.myworkdayjobs.com/en-US/BlackRock_Professional,Workday
UBS,Company,Buy-Side,https://jobs.ubs.com/TGnewUI/Search/Home/Home?partnerid=25008&siteid=5012,Proprietary
State Street,Company,Buy-Side,https://statestreet.wd1.myworkdayjobs.com/Global,Workday
Fidelity,Company,Buy-Side,https://fil.wd3.myworkdayjobs.com/en-US/001,Workday
JP Morgan,Company,Sell-Side,https://jpmc.fa.oraclecloud.com/hcmUI/CandidateExperience/en/sites/CX_1001/jobs,Oracle
Morgan Stanley,Company,Sell-Side,https://ms.wd5.myworkdayjobs.com/en-US/External/jobs,Workday
Goldman Sachs,Company,Sell-Side,https://higher.gs.com/results?&page=1&sort=RELEVANCE,Oracle
Barclays,Company,Sell-Side,https://barclays.wd3.myworkdayjobs.com/en-US/External_Career_Site_Barclays,Workday
BofA,Company,Sell-Side,https://ghr.wd1.myworkdayjobs.com/en-US/lateral-emea,Workday
Nomura,Company,Sell-Side,https://careers.nomura.com/Nomura/go/Career-Opportunities-Europe/9051100/,Successfactors
Baillie Gifford,Company,Buy-Side,https://bailliegifford.wd3.myworkdayjobs.com/BaillieGiffordCareers,Workday
Allianz GI,Company,Buy-Side,https://careers.allianz.com/global/search?searchby=location&createNewAlert=false&q=&locationsearch=&optionsFacetsDD_department=Asset%20%26%20Investment%20Management&optionsFacetsDD_shifttype=&optionsFacetsDD_customfield3=&optionsFacetsDD_customfield2=&optionsFacetsDD_facility=&optionsFacetsDD_customfield4=&optionsFacetsDD_dept=&inputSearchValue=&quatFlag=false,Successfactors
T. Rowe Price,Company,Buy-Side,https://troweprice.wd5.myworkdayjobs.com/TRowePriceInternational/jobs,Workday
Columbia Threadneedle,Company,Buy-Side,https://ameriprise.wd5.myworkdayjobs.com/en-GB/Ameriprise,Workday
Franklin Templeton,Company,Buy-Side,https://franklintempleton.wd5.myworkdayjobs.com/Primary-External-1,Workday
Aegon Asset Management,Company,Buy-Side,https://transamerica.wd5.myworkdayjobs.com/AUK_JobSite,Workday
Sarasin & Partners LLP,Company,Buy-Side,https://sarasinandpartners.com/join/,Proprietary
Barings,Company,Buy-Side,https://barings.wd1.myworkdayjobs.com/Barings,Workday
GAM,Company,Buy-Side,https://gam.wd3.myworkdayjobs.com/GAM,Workday
Amundi,Company,Buy-Side,https://jobs.amundi.com/job/list-of-jobs.aspx,Proprietary
Wellington Management,Company,Buy-Side,https://wellington.wd5.myworkdayjobs.com/en-GB/External,Workday
Nuveen,Company,Buy-Side,https://tiaa.wd1.myworkdayjobs.com/en-US/Search,Workday
Nordea,Company,Buy-Side,https://careers.nordea.com/search,Successfactors
SEI Investments,Company,Buy-Side,https://seic.wd1.myworkdayjobs.com/en-US/SEI_Global_Services,Workday
AXA Group,Company,Buy-Side,https://jobs.axa/careersection/1/moresearch.ftl?lang=en,Proprietary
Blackstone,Company,Buy-Side,https://blackstone.wd1.myworkdayjobs.com/Blackstone_Careers,Workday
RBC,Company,Sell-Side,https://rbc.wd3.myworkdayjobs.com/RBCGLOBAL1,Workday
Alliance Bernstein,Company,Buy-Side,https://abglobal.wd1.myworkdayjobs.com/alliancebernsteincareers,Workday
HSBC,Company,Sell-Side,https://portal.careers.hsbc.com/careers,Successfactors
Dimensional,Company,Buy-Side,https://dimensional.wd5.myworkdayjobs.com/DFA_Careers,Workday
Lazard,Company,Buy-Side,https://lazard-careers.tal.net/vx/lang-en-GB/mobile-0/appcentre-ext/brand-4/candidate/jobboard/vacancy/3/adv/,Taleo
Pictet,Company,Buy-Side,https://career012.successfactors.eu/career?company=banquepict&career%5fns=job%5flisting%5fsummary&navBarLevel=JOB%5fSEARCH&_s.crb=02qxj6RS1RinWizgcCz4%2ffPXb%2b4UnE7Xj7ppgRV3dRo%3d,Successfactors
Robeco,Company,Buy-Side,https://robeco.wd3.myworkdayjobs.com/en-US/robecoexternalcareers,Workday
Capula IM,Company,Buy-Side,https://apply.workable.com/capula-investment-management-ltd/,Workable
